{
  "Column_0": 56.59882988582831,
  "Column_1": 48.08328831009567,
  "Column_2": 506.5663596387458,
  "Column_3": 276.5405613242765
}