{
  "Column_0": 50.77064745250391,
  "Column_1": 52.142868449678645,
  "Column_2": 512.7125171460211,
  "Column_3": 270.61003889341373
}