{
  "Column_0": 0.01719434978440404,
  "Column_1": 5.198891903040931,
  "Column_2": 667.3350796588595,
  "Column_3": 314.1383344494225
}