{
  "Column_0": 53.94514873818298,
  "Column_1": 49.24750566050852,
  "Column_2": 514.166364285822,
  "Column_3": 273.5586647596658
}