{
  "Column_0": 54.06853811089968,
  "Column_1": 54.954701989223395,
  "Column_2": 511.6347428451727,
  "Column_3": 314.9008658926941
}