{
  "Column_0": 37.56554902601056,
  "Column_1": 41.18510414945922,
  "Column_2": 675.9240898347925,
  "Column_3": 297.31655181827955
}