{
  "Column_0": 99.29444339114815,
  "Column_1": 119.62762213963899,
  "Column_2": 417.3147413300537,
  "Column_3": 543.3871983557251
}