{
  "Column_0": 38.84377641593255,
  "Column_1": 61.94053501414601,
  "Column_2": 515.9578136589043,
  "Column_3": 265.9395090965136
}