{
  "Column_0": 29.539632224968955,
  "Column_1": 51.50652442622959,
  "Column_2": 636.1396128505285,
  "Column_3": 360.44664264388484
}