{
  "Column_0": 9.791528965502948,
  "Column_1": 31.97195444907993,
  "Column_2": 834.2783536961786,
  "Column_3": 384.47819935962934
}