{
  "Column_0": 50.59901978983544,
  "Column_1": 44.380096338980366,
  "Column_2": 440.5272935468238,
  "Column_3": 269.53294356183324
}