{
  "Column_0": 33.4053267914569,
  "Column_1": 57.313912059456925,
  "Column_2": 677.7061494537047,
  "Column_3": 306.3609198657796
}