{
  "Column_0": 89.46208727677913,
  "Column_1": 60.51351223978418,
  "Column_2": 415.5885069834112,
  "Column_3": 352.95005184883485
}