{
  "Column_0": 63.65534668089822,
  "Column_1": 59.74616470816545,
  "Column_2": 413.6588190878101,
  "Column_3": 364.04928565514274
}