{
  "Column_0": 34.650693234266235,
  "Column_1": 56.15019315188527,
  "Column_2": 674.6608799555645,
  "Column_3": 313.61191618051333
}