{
  "Column_0": 81.33722009451594,
  "Column_1": 53.63694466650486,
  "Column_2": 410.4210292459029,
  "Column_3": 289.1822135562543
}