{
  "Column_0": 29.384897639238595,
  "Column_1": 58.94815573692821,
  "Column_2": 724.7339210519153,
  "Column_3": 253.677493615771
}