{
  "Column_0": 54.78214054275304,
  "Column_1": 64.91324879764579,
  "Column_2": 471.1259376388043,
  "Column_3": 288.29155667429586
}