{
  "Column_0": 20.311305698240176,
  "Column_1": 47.04077863412385,
  "Column_2": 774.6836735241232,
  "Column_3": 338.361759462161
}