{
  "Column_0": 48.60098066110368,
  "Column_1": 54.93260606140393,
  "Column_2": 554.7325321920362,
  "Column_3": 321.7043102835305
}