{
  "Column_0": 44.74952160002431,
  "Column_1": 72.26928838598542,
  "Column_2": 463.5864118715108,
  "Column_3": 279.67593924288667
}