{
  "Column_0": 93.34475350465867,
  "Column_1": 145.6973833804107,
  "Column_2": 283.3670462149424,
  "Column_3": 344.0682981092863
}