{
  "Column_0": 30.231904467291926,
  "Column_1": 53.69196038743125,
  "Column_2": 646.0400707421074,
  "Column_3": 330.2252999039534
}