{
  "Column_0": 37.60752720062737,
  "Column_1": 48.75561864464612,
  "Column_2": 596.3533794203283,
  "Column_3": 282.82848548280526
}