{
  "Column_0": 43.829711591562955,
  "Column_1": 48.93057893848163,
  "Column_2": 609.5737148979679,
  "Column_3": 254.69892596947784
}