{
  "Column_0": 87.02633572862442,
  "Column_1": 100.14385688151015,
  "Column_2": 261.8502060108076,
  "Column_3": 330.9877044480454
}