{
  "Column_0": 46.254708060410394,
  "Column_1": 38.12400006241842,
  "Column_2": 437.039843134733,
  "Column_3": 248.88394174528912
}