{
  "Column_0": 28.783238240517676,
  "Column_1": 52.23156974231824,
  "Column_2": 516.1819570973166,
  "Column_3": 301.5567420483567
}