{
  "Column_0": 16.058741722488776,
  "Column_1": 88.47425781562924,
  "Column_2": 628.1083312891424,
  "Column_3": 336.32266536168754
}