{
  "Column_0": 36.106815694645206,
  "Column_1": 73.66839896662714,
  "Column_2": 633.2075881611024,
  "Column_3": 290.36627566682
}