{
  "Column_0": 55.871433037304996,
  "Column_1": 59.82902892435959,
  "Column_2": 579.437181685737,
  "Column_3": 293.4439097473223
}