{
  "Column_0": 75.63339342549443,
  "Column_1": 51.64886076754192,
  "Column_2": 532.8730881504162,
  "Column_3": 279.254280770896
}