{
  "Column_0": 85.14696165889683,
  "Column_1": 119.29497351080545,
  "Column_2": 344.6798483698006,
  "Column_3": 435.4270251008396
}