{
  "Column_0": 97.65531468238177,
  "Column_1": 115.94263836269484,
  "Column_2": 394.4414776969267,
  "Column_3": 508.7619878673319
}