{
  "Column_0": 27.65625179249357,
  "Column_1": 52.1481150824024,
  "Column_2": 641.1064468057773,
  "Column_3": 345.7115432941719
}