{
  "Column_0": 47.80848683265867,
  "Column_1": 54.593389135709,
  "Column_2": 489.67946692630903,
  "Column_3": 284.79440694751975
}