{
  "Column_0": 62.68175398611493,
  "Column_1": 49.12112177707604,
  "Column_2": 500.9795121960633,
  "Column_3": 291.1195769854821
}