{
  "Column_0": 40.491239860842455,
  "Column_1": 49.40972377598007,
  "Column_2": 630.1919269945913,
  "Column_3": 249.3478798725171
}