{
  "Column_0": 80.9301567086004,
  "Column_1": 72.96018484445449,
  "Column_2": 364.7767152336164,
  "Column_3": 302.1377736562572
}