{
  "Column_0": 29.64609098681467,
  "Column_1": 52.53357292800047,
  "Column_2": 671.7650635851642,
  "Column_3": 337.6820407950445
}