{
  "Column_0": 47.16551810546298,
  "Column_1": 34.56218399896625,
  "Column_2": 677.7135807101167,
  "Column_3": 232.47546958170494
}