{
  "Column_0": 24.377351251547225,
  "Column_1": 46.85154749061485,
  "Column_2": 824.1990660808444,
  "Column_3": 448.74999246973675
}