{
  "Column_0": 53.558360771567095,
  "Column_1": 55.14804625348188,
  "Column_2": 475.38993689564086,
  "Column_3": 288.89167739367986
}