{
  "Column_0": 34.49856871715747,
  "Column_1": 64.41564028093126,
  "Column_2": 563.254694191739,
  "Column_3": 263.6534983225283
}