{
  "Column_0": 27.002726419397334,
  "Column_1": 47.74636903986395,
  "Column_2": 621.1831919165486,
  "Column_3": 336.6919966805399
}