{
  "Column_0": 15.825652213767171,
  "Column_1": 35.59524746052921,
  "Column_2": 335.76611015945673,
  "Column_3": 231.02392363501713
}