{
  "Column_0": 74.05686819601033,
  "Column_1": 97.32309877232967,
  "Column_2": 393.37190349560615,
  "Column_3": 501.97052222918137
}