{
  "Column_0": 28.572872788036925,
  "Column_1": 52.30877928927063,
  "Column_2": 720.4113919301866,
  "Column_3": 331.45614995800474
}