{
  "Column_0": 51.250410720240325,
  "Column_1": 59.53361542336643,
  "Column_2": 489.3266826203908,
  "Column_3": 334.07790958695114
}