{
  "Column_0": 80.32991651361999,
  "Column_1": 77.04088909206394,
  "Column_2": 381.5812030385714,
  "Column_3": 341.7463463441745
}