{
  "Column_0": 1.7354315938428044,
  "Column_1": 14.462375938892365,
  "Column_2": 267.4271599166095,
  "Column_3": 153.9522501528263
}