{
  "Column_0": 49.55584738568791,
  "Column_1": 51.57270767048976,
  "Column_2": 626.4495268524493,
  "Column_3": 273.82732792150637
}