{
  "Column_0": 41.50939371204004,
  "Column_1": 58.93925371806836,
  "Column_2": 404.17531338892877,
  "Column_3": 252.3780850872863
}