{
  "Column_0": 62.65729152204585,
  "Column_1": 47.31135496706702,
  "Column_2": 451.51163594639365,
  "Column_3": 347.7348738632427
}