{
  "Column_0": 12.774509327422493,
  "Column_1": 29.29690452781506,
  "Column_2": 561.0836699956562,
  "Column_3": 276.9118728082394
}