{
  "Column_0": 69.22577068966348,
  "Column_1": 103.75548748456691,
  "Column_2": 380.43552049491586,
  "Column_3": 449.7423252648023
}