{
  "Column_0": 0.0,
  "Column_1": 0.0,
  "Column_2": 25.028967418242246,
  "Column_3": 42.78429967875127
}