{
  "Column_0": 68.7003121386224,
  "Column_1": 66.23909860151616,
  "Column_2": 437.66688198649354,
  "Column_3": 231.0981854947313
}