{
  "Column_0": 57.08219030912005,
  "Column_1": 91.0390722269658,
  "Column_2": 311.95912368282734,
  "Column_3": 371.73949970130343
}