{
  "Column_0": 41.38851349513044,
  "Column_1": 49.81078025637877,
  "Column_2": 624.879534157285,
  "Column_3": 260.95751836078296
}