{
  "Column_0": 43.97264512907714,
  "Column_1": 47.73904016043525,
  "Column_2": 498.8536552887963,
  "Column_3": 303.455263072392
}