{
  "Column_0": 42.047609852916366,
  "Column_1": 48.4128477431143,
  "Column_2": 568.0951274835193,
  "Column_3": 323.59051047016624
}