{
  "Column_0": 76.33203111028706,
  "Column_1": 62.499562560231425,
  "Column_2": 456.1999800885096,
  "Column_3": 248.85726509359665
}