{
  "Column_0": 73.7264073649585,
  "Column_1": 51.750719183137335,
  "Column_2": 387.53199154121444,
  "Column_3": 388.98952889504653
}