{
  "Column_0": 20.01376385241747,
  "Column_1": 46.195680745877326,
  "Column_2": 459.68075565993786,
  "Column_3": 287.27380426973104
}