{
  "Column_0": 32.090884265257046,
  "Column_1": 59.54647622467019,
  "Column_2": 500.2478109476069,
  "Column_3": 264.83194856345654
}