{
  "Column_0": 38.83956199968816,
  "Column_1": 64.98985547409393,
  "Column_2": 534.8692605270771,
  "Column_3": 307.57149174797814
}