{
  "Column_0": 0.9303964689606801,
  "Column_1": 57.587913918774575,
  "Column_2": 340.7506703734398,
  "Column_3": 178.69608873213292
}