{
  "Column_0": 72.4463022164942,
  "Column_1": 94.05096158834051,
  "Column_2": 404.32866885641454,
  "Column_3": 490.03521967240414
}