{
  "Column_0": 55.37893121689558,
  "Column_1": 39.3560183160007,
  "Column_2": 417.1298468746245,
  "Column_3": 275.23160096257925
}