{
  "Column_0": 74.17743354674292,
  "Column_1": 110.48672298424708,
  "Column_2": 315.0255933800727,
  "Column_3": 383.63979813637957
}