{
  "Column_0": 29.557568810414523,
  "Column_1": 46.25183017962263,
  "Column_2": 439.0376012660563,
  "Column_3": 262.3360467143357
}