{
  "Column_0": 51.309292390842074,
  "Column_1": 59.46595887201738,
  "Column_2": 588.1136234381885,
  "Column_3": 302.2998195642384
}