{
  "Column_0": 48.65906821080716,
  "Column_1": 58.05763203126389,
  "Column_2": 558.3326590738534,
  "Column_3": 306.4464496053697
}