{
  "Column_0": 47.187783839181066,
  "Column_1": 92.08650645869784,
  "Column_2": 302.49150478374213,
  "Column_3": 282.5695906355977
}