{
  "Column_0": 38.53401031672921,
  "Column_1": 50.14193244879663,
  "Column_2": 723.3242180583932,
  "Column_3": 252.6447069387534
}