{
  "Column_0": 9.05815751478076,
  "Column_1": 59.18808640516363,
  "Column_2": 574.9884278558893,
  "Column_3": 272.18237235663764
}