{
  "Column_0": 38.11453685830486,
  "Column_1": 75.56476897888206,
  "Column_2": 574.7661408170168,
  "Column_3": 315.7026833929667
}