{
  "Column_0": 38.3701769488697,
  "Column_1": 55.486981185965924,
  "Column_2": 668.5731387200445,
  "Column_3": 340.3169930075048
}