{
  "Column_0": 40.08765525493072,
  "Column_1": 67.93424585601315,
  "Column_2": 199.8316132798791,
  "Column_3": 172.51969774905592
}