{
  "Column_0": 50.75958805971095,
  "Column_1": 56.92633586785814,
  "Column_2": 482.6231827897118,
  "Column_3": 271.19924945174716
}