{
  "Column_0": 54.099708723369986,
  "Column_1": 51.91268907664926,
  "Column_2": 483.34034174567205,
  "Column_3": 277.49474019681384
}