{
  "Column_0": 40.41516293113182,
  "Column_1": 53.255303492220264,
  "Column_2": 654.1634571570612,
  "Column_3": 278.736374537606
}