{
  "Column_0": 47.51794338836953,
  "Column_1": 45.93868429185841,
  "Column_2": 559.9027428865186,
  "Column_3": 310.6219414187786
}