{
  "Column_0": 57.50304736769613,
  "Column_1": 51.75541920077012,
  "Column_2": 513.5279096679587,
  "Column_3": 283.73687930678716
}