{
  "Column_0": 19.627236826177977,
  "Column_1": 55.76817115646554,
  "Column_2": 855.1975059740944,
  "Column_3": 431.7751572012203
}