{
  "Column_0": 47.25385132496757,
  "Column_1": 71.2210622220426,
  "Column_2": 572.566863639797,
  "Column_3": 309.74302972365206
}