{
  "Column_0": 26.867100501433015,
  "Column_1": 51.19011836871505,
  "Column_2": 310.33282002061605,
  "Column_3": 323.8098654858768
}