{
  "Column_0": 33.52298760088115,
  "Column_1": 46.611565459645924,
  "Column_2": 650.2575095902357,
  "Column_3": 329.97613941036195
}