{
  "Column_0": 1.360073257703334,
  "Column_1": 0.8332788520492613,
  "Column_2": 342.8170645957914,
  "Column_3": 94.49012591824794
}