{
  "Column_0": 37.571288662242296,
  "Column_1": 46.92993082553539,
  "Column_2": 603.4568051462529,
  "Column_3": 273.1526235027777
}