{
  "Column_0": 63.26984576229006,
  "Column_1": 51.525788522849325,
  "Column_2": 542.6749998551095,
  "Column_3": 301.8587111167726
}