{
  "Column_0": 79.53404449275695,
  "Column_1": 80.77998803806258,
  "Column_2": 397.17185270859045,
  "Column_3": 340.007675454719
}