{
  "Column_0": 0.0,
  "Column_1": 0.2450405014678836,
  "Column_2": 192.28897471768073,
  "Column_3": 55.384174874307064
}