{
  "Column_0": 16.67005345225334,
  "Column_1": 15.597900390625,
  "Column_2": 110.0629997253418,
  "Column_3": 67.51160049438477
}