{
  "Column_0": 43.53610779359224,
  "Column_1": 47.1425123181034,
  "Column_2": 578.4667254232472,
  "Column_3": 298.07035967006595
}