{
  "Column_0": 31.235027708868415,
  "Column_1": 53.40576399005791,
  "Column_2": 697.1177685354585,
  "Column_3": 280.26924228591236
}