{
  "Column_0": 7.687848418368958,
  "Column_1": 35.996335269883275,
  "Column_2": 754.3461622240688,
  "Column_3": 361.22796843472554
}