{
  "Column_0": 41.871689016235905,
  "Column_1": 51.163904625197574,
  "Column_2": 606.5699078266073,
  "Column_3": 265.3617417499918
}