{
  "Column_0": 36.109687921465344,
  "Column_1": 71.7608692976004,
  "Column_2": 657.009935149248,
  "Column_3": 237.9842670010985
}