{
  "Column_0": 78.0762639779714,
  "Column_1": 123.01445846211186,
  "Column_2": 316.12835155281937,
  "Column_3": 392.854408123354
}