{
  "Column_0": 46.88539294246584,
  "Column_1": 53.01643212133786,
  "Column_2": 457.70309965747583,
  "Column_3": 281.36210769508034
}