{
  "Column_0": 52.15597933391837,
  "Column_1": 64.69356564080226,
  "Column_2": 471.94973532647055,
  "Column_3": 269.76935343281366
}