{
  "Column_0": 77.04888864187524,
  "Column_1": 63.617154502659105,
  "Column_2": 384.28630404867,
  "Column_3": 289.6075028220512
}