{
  "Column_0": 93.37426960910454,
  "Column_1": 124.56519401193921,
  "Column_2": 364.91285705893205,
  "Column_3": 489.1251689335235
}