{
  "Column_0": 58.77756182516168,
  "Column_1": 58.485523625218775,
  "Column_2": 575.7900966389279,
  "Column_3": 315.0590565891471
}