{
  "Column_0": 40.394142938865116,
  "Column_1": 67.1053470226052,
  "Column_2": 491.79180693020635,
  "Column_3": 298.8369144387543
}