{
  "Column_0": 3.3292264958172417,
  "Column_1": 11.376753310026743,
  "Column_2": 280.34177485613213,
  "Column_3": 95.58757529583477
}