{
  "Column_0": 37.42807107069801,
  "Column_1": 64.38330676103334,
  "Column_2": 664.2765582167174,
  "Column_3": 316.71436994635053
}