{
  "Column_0": 84.11429325163044,
  "Column_1": 54.38806345584453,
  "Column_2": 439.32970401028797,
  "Column_3": 348.66069572273227
}