{
  "Column_0": 36.958148636427325,
  "Column_1": 48.93965025701527,
  "Column_2": 622.9378103530998,
  "Column_3": 249.15604966474973
}