{
  "Column_0": 79.33370397508952,
  "Column_1": 120.15357781269995,
  "Column_2": 309.8534464734839,
  "Column_3": 369.17115044216916
}