{
  "Column_0": 70.74267416002112,
  "Column_1": 42.636539491824806,
  "Column_2": 397.95014122809516,
  "Column_3": 399.32765925489366
}