{
  "Column_0": 88.69027307805186,
  "Column_1": 105.84131026899695,
  "Column_2": 343.1166637836054,
  "Column_3": 421.0271849341111
}