{
  "Column_0": 55.71370096179999,
  "Column_1": 52.70203795773887,
  "Column_2": 581.70337122809,
  "Column_3": 253.11816092333174
}