{
  "Column_0": 50.880889122538974,
  "Column_1": 53.86234666902237,
  "Column_2": 411.7438921122455,
  "Column_3": 233.74357916787994
}