{
  "Column_0": 29.663820130561838,
  "Column_1": 52.672021154144964,
  "Column_2": 651.8924255753838,
  "Column_3": 327.5244411968034
}