{
  "Column_0": 53.20835523477217,
  "Column_1": 54.47513693093788,
  "Column_2": 474.74519246278214,
  "Column_3": 290.21928635812947
}