{
  "Column_0": 64.75845158126958,
  "Column_1": 57.96980657169547,
  "Column_2": 489.3586542239466,
  "Column_3": 306.2344546395947
}