{
  "Column_0": 79.70434817169007,
  "Column_1": 52.617842853484035,
  "Column_2": 441.75000728832674,
  "Column_3": 355.27406162930856
}