{
  "Column_0": 66.21258131476179,
  "Column_1": 58.56421107022652,
  "Column_2": 409.5810668530278,
  "Column_3": 366.7208703314973
}