{
  "Column_0": 69.57128548740548,
  "Column_1": 57.365436791966204,
  "Column_2": 430.09233914832294,
  "Column_3": 368.30114175485505
}