{
  "Column_0": 76.8677155171763,
  "Column_1": 107.95366177878168,
  "Column_2": 306.7584545253776,
  "Column_3": 366.6226891502738
}