{
  "Column_0": 20.829652738699224,
  "Column_1": 44.51158609241247,
  "Column_2": 294.63641529669985,
  "Column_3": 393.49264147435315
}