{
  "Column_0": 61.49823452834789,
  "Column_1": 66.98106578184525,
  "Column_2": 438.1662423062662,
  "Column_3": 237.032606937355
}