{
  "Column_0": 51.875625302092885,
  "Column_1": 66.38952258599056,
  "Column_2": 433.27829027691587,
  "Column_3": 285.5357969299726
}