{
  "Column_0": 0.4144725638107083,
  "Column_1": 1.1347471371555002,
  "Column_2": 674.1851181057714,
  "Column_3": 301.2417180150951
}