{
  "Column_0": 19.416333364672028,
  "Column_1": 68.37638900056481,
  "Column_2": 296.1609425100032,
  "Column_3": 246.76691590249538
}