{
  "Column_0": 57.16974649896838,
  "Column_1": 67.65939190004474,
  "Column_2": 414.0922059392915,
  "Column_3": 242.3901760148742
}