{
  "Column_0": 30.69129867106676,
  "Column_1": 74.75484825670719,
  "Column_2": 367.23712733387947,
  "Column_3": 276.7445567250252
}