{
  "Column_0": 103.59407623713992,
  "Column_1": 124.33783056681811,
  "Column_2": 381.872695637638,
  "Column_3": 508.70841232566113
}