{
  "Column_0": 25.205944107102816,
  "Column_1": 64.34568097575054,
  "Column_2": 683.0955324761478,
  "Column_3": 310.8948574321432
}