{
  "Column_0": 39.32653284073206,
  "Column_1": 46.277395469534895,
  "Column_2": 632.007413556951,
  "Column_3": 267.40959840301457
}