{
  "Column_0": 53.41920518549159,
  "Column_1": 58.72763245529495,
  "Column_2": 519.9858339182974,
  "Column_3": 282.69890730053885
}