{
  "Column_0": 37.04081322881393,
  "Column_1": 68.74478434608318,
  "Column_2": 819.89381987456,
  "Column_3": 376.89489005619544
}