{
  "Column_0": 46.925461093429476,
  "Column_1": 68.52456665225327,
  "Column_2": 323.1110967453569,
  "Column_3": 314.25717230918235
}