{
  "Column_0": 31.571109022013843,
  "Column_1": 48.22916865488514,
  "Column_2": 310.9586928965291,
  "Column_3": 298.7906862841919
}