{
  "Column_0": 65.3913191575557,
  "Column_1": 35.07338289543986,
  "Column_2": 422.36093944462846,
  "Column_3": 395.63321944722634
}