{
  "Column_0": 88.79410298489893,
  "Column_1": 71.23813886578539,
  "Column_2": 451.9688466729931,
  "Column_3": 247.78611082538737
}