{
  "Column_0": 44.62142483701339,
  "Column_1": 52.486898733464386,
  "Column_2": 611.2278446371752,
  "Column_3": 282.55848751208225
}