{
  "Column_0": 29.214019483610173,
  "Column_1": 45.36869312671479,
  "Column_2": 586.9404027438286,
  "Column_3": 332.56890985705104
}