{
  "Column_0": 36.81559769867454,
  "Column_1": 37.20404628990218,
  "Column_2": 421.0507556187804,
  "Column_3": 376.7308712473605
}