{
  "Column_0": 77.03024505388748,
  "Column_1": 64.10425408836454,
  "Column_2": 419.33108949813857,
  "Column_3": 347.7312749314551
}