{
  "Column_0": 36.95889732557771,
  "Column_1": 48.91538258336004,
  "Column_2": 639.3411794756639,
  "Column_3": 284.3560704913825
}