{
  "Column_0": 92.42243476060685,
  "Column_1": 61.661415255919565,
  "Column_2": 442.4560672604712,
  "Column_3": 362.3988809864095
}