{
  "Column_0": 29.7797460458164,
  "Column_1": 59.815973762519306,
  "Column_2": 671.2424752889274,
  "Column_3": 329.61144520613453
}