{
  "Column_0": 72.57480314846907,
  "Column_1": 76.16597692447249,
  "Column_2": 493.976452747389,
  "Column_3": 272.48774198730825
}