{
  "Column_0": 38.15265073895938,
  "Column_1": 47.74937349410436,
  "Column_2": 620.8910107106748,
  "Column_3": 267.0398936608884
}