{
  "Column_0": 39.189659756973924,
  "Column_1": 66.69780123468628,
  "Column_2": 772.8350192303014,
  "Column_3": 298.61100333670356
}