{
  "Column_0": 90.92100256968843,
  "Column_1": 132.97112813879676,
  "Column_2": 283.42444828485986,
  "Column_3": 341.833688041238
}