{
  "Column_0": 34.12367239664309,
  "Column_1": 62.53142203515745,
  "Column_2": 546.647987253964,
  "Column_3": 305.33607162721455
}