{
  "Column_0": 45.82894951697381,
  "Column_1": 40.83592289666194,
  "Column_2": 433.52790605684277,
  "Column_3": 280.3311073181103
}