{
  "Column_0": 52.32572494482156,
  "Column_1": 49.260884704442105,
  "Column_2": 497.27462267626834,
  "Column_3": 277.2715359435633
}