{
  "Column_0": 42.53092218578331,
  "Column_1": 51.23080892975645,
  "Column_2": 590.9811704123495,
  "Column_3": 263.1305716848824
}