{
  "Column_0": 67.28497743872867,
  "Column_1": 46.55968276009662,
  "Column_2": 475.641488464913,
  "Column_3": 354.4678659592173
}