{
  "Column_0": 29.658336570094402,
  "Column_1": 51.1365289040354,
  "Column_2": 656.9888734819676,
  "Column_3": 328.8475494944413
}