{
  "Column_0": 30.87947899657229,
  "Column_1": 50.343466031022786,
  "Column_2": 727.724559773985,
  "Column_3": 251.10128539723172
}