{
  "Column_0": 62.836602936184136,
  "Column_1": 34.781496420013355,
  "Column_2": 476.7351738513207,
  "Column_3": 298.58123565672577
}