{
  "Column_0": 88.06609911502164,
  "Column_1": 113.88045905900071,
  "Column_2": 298.86403623153456,
  "Column_3": 362.6058256425895
}