{
  "Column_0": 42.41245765950519,
  "Column_1": 52.77032399112445,
  "Column_2": 683.9410707311815,
  "Column_3": 243.6826770156723
}