{
  "Column_0": 68.10991157096578,
  "Column_1": 52.903596129166544,
  "Column_2": 396.1191593394615,
  "Column_3": 374.65219229387003
}