{
  "Column_0": 14.406403005123138,
  "Column_1": 27.14554049447179,
  "Column_2": 655.7445742115378,
  "Column_3": 306.13029546290636
}