{
  "Column_0": 37.36419232888147,
  "Column_1": 45.60234791390758,
  "Column_2": 587.8988280593185,
  "Column_3": 280.31764554115944
}