{
  "Column_0": 29.65750995899574,
  "Column_1": 52.686226305033955,
  "Column_2": 651.8983407663752,
  "Column_3": 327.5146291981157
}