{
  "Column_0": 39.45540058807467,
  "Column_1": 46.38355494885589,
  "Column_2": 636.2866421421259,
  "Column_3": 271.19477547126326
}