{
  "Column_0": 53.91636088209634,
  "Column_1": 58.42288701979237,
  "Column_2": 527.2282208355409,
  "Column_3": 300.5864627500996
}