{
  "Column_0": 65.92437572963536,
  "Column_1": 94.70565767027438,
  "Column_2": 430.3575229123235,
  "Column_3": 516.9196242056787
}