{
  "Column_0": 66.84571614302615,
  "Column_1": 50.17125800979693,
  "Column_2": 410.3813111239797,
  "Column_3": 316.71055008200915
}