{
  "Column_0": 70.22343220957555,
  "Column_1": 83.27146731840912,
  "Column_2": 392.12687011121307,
  "Column_3": 367.68681845709216
}