{
  "Column_0": 40.01275620681827,
  "Column_1": 46.61649168397486,
  "Column_2": 609.2020208659036,
  "Column_3": 258.1186370653463
}