{
  "Column_0": 80.74357615246834,
  "Column_1": 64.38566295370856,
  "Column_2": 417.62968922604455,
  "Column_3": 351.52506151229045
}