{
  "Column_0": 41.17022163610858,
  "Column_1": 53.841844988038076,
  "Column_2": 706.1068105050481,
  "Column_3": 242.6158260083708
}