{
  "Column_0": 41.170831883453616,
  "Column_1": 58.92378326290441,
  "Column_2": 473.12013226845477,
  "Column_3": 262.47932788047814
}