{
  "Column_0": 0.7608290235511959,
  "Column_1": 0.2145932920211635,
  "Column_2": 173.62270462189554,
  "Column_3": 99.08945210886304
}