{
  "Column_0": 59.12321151156539,
  "Column_1": 54.35087710294465,
  "Column_2": 522.2700082815718,
  "Column_3": 282.6338483990403
}