{
  "Column_0": 74.37367194802027,
  "Column_1": 110.10337817738434,
  "Column_2": 312.00480082117156,
  "Column_3": 373.3041726134197
}