{
  "Column_0": 14.267949244007468,
  "Column_1": 70.42882776260376,
  "Column_2": 412.1760005367687,
  "Column_3": 252.93385989964008
}