{
  "Column_0": 71.92559104785323,
  "Column_1": 88.17456607149506,
  "Column_2": 465.8336333632469,
  "Column_3": 464.6969379372895
}