{
  "Column_0": 84.13618725378365,
  "Column_1": 66.88200264631814,
  "Column_2": 386.6754918377246,
  "Column_3": 332.0436646461767
}