{
  "Column_0": 58.49091932334795,
  "Column_1": 50.05730815443712,
  "Column_2": 499.66374994739516,
  "Column_3": 285.0094357240887
}