{
  "Column_0": 69.70350894239891,
  "Column_1": 50.59074670411701,
  "Column_2": 437.7528031037127,
  "Column_3": 371.0172637615906
}