{
  "Column_0": 63.77467762022752,
  "Column_1": 53.913230732509874,
  "Column_2": 436.79383387643975,
  "Column_3": 353.915147239544
}