{
  "Column_0": 38.93915857100159,
  "Column_1": 48.146851534506254,
  "Column_2": 734.0532656428404,
  "Column_3": 249.41542479560565
}