{
  "Column_0": 52.86165132278347,
  "Column_1": 63.07141302292621,
  "Column_2": 462.1767256586172,
  "Column_3": 281.99597248184546
}