{
  "Column_0": 38.87743459106423,
  "Column_1": 58.05563187113148,
  "Column_2": 469.32527259177004,
  "Column_3": 252.91426000031424
}