{
  "Column_0": 69.82380212366115,
  "Column_1": 61.17935587547254,
  "Column_2": 471.60435578843317,
  "Column_3": 279.852075377712
}