{
  "Column_0": 48.217599630355835,
  "Column_1": 0.0,
  "Column_2": 58.783239495009184,
  "Column_3": 17.578399658203125
}