{
  "Column_0": 51.124876575078815,
  "Column_1": 62.042326615191996,
  "Column_2": 475.6750863736138,
  "Column_3": 292.068502495531
}