{
  "Column_0": 20.744181708665565,
  "Column_1": 57.863714775419794,
  "Column_2": 331.80100774019957,
  "Column_3": 369.28468146920204
}