{
  "Column_0": 41.33910686245588,
  "Column_1": 55.09206741522655,
  "Column_2": 550.6481397961941,
  "Column_3": 273.0539773698472
}