{
  "Column_0": 66.3631068045579,
  "Column_1": 59.107938116416335,
  "Column_2": 403.28150920860935,
  "Column_3": 367.1072262171656
}