{
  "Column_0": 40.99504295294173,
  "Column_1": 46.17467260576086,
  "Column_2": 579.4558753052384,
  "Column_3": 310.29911730056085
}