{
  "Column_0": 43.72044744212485,
  "Column_1": 50.21229223487899,
  "Column_2": 480.2589317099555,
  "Column_3": 283.90085503307637
}