{
  "Column_0": 67.27227200186837,
  "Column_1": 42.02909435827132,
  "Column_2": 431.398767441209,
  "Column_3": 357.75107955265275
}