{
  "Column_0": 73.33775354030149,
  "Column_1": 100.00237241780269,
  "Column_2": 308.06988632376306,
  "Column_3": 377.085119366413
}