{
  "Column_0": 49.914598576608114,
  "Column_1": 48.75150973780546,
  "Column_2": 504.1951784195844,
  "Column_3": 272.63690731131646
}