{
  "Column_0": 35.14654381070795,
  "Column_1": 46.82451763736992,
  "Column_2": 731.4860466425796,
  "Column_3": 249.48659345358828
}