{
  "Column_0": 32.33223450664218,
  "Column_1": 52.24293001089313,
  "Column_2": 767.9444721135743,
  "Column_3": 329.87283295800347
}