{
  "Column_0": 63.07586788453523,
  "Column_1": 46.0204688536287,
  "Column_2": 438.9193432706236,
  "Column_3": 357.48235602053273
}