{
  "Column_0": 77.13269855054506,
  "Column_1": 58.9629469345673,
  "Column_2": 387.70857642472765,
  "Column_3": 283.96261745911033
}