{
  "Column_0": 25.782299995422363,
  "Column_1": 0.0,
  "Column_2": 110.05864158272743,
  "Column_3": 17.474149763584137
}