{
  "Column_0": 56.184226984580164,
  "Column_1": 58.816160949222194,
  "Column_2": 579.7486731800918,
  "Column_3": 251.1971939795967
}