{
  "Column_0": 53.060606221610215,
  "Column_1": 61.63751696041436,
  "Column_2": 451.693922315646,
  "Column_3": 285.469169109012
}