{
  "Column_0": 42.902362204390876,
  "Column_1": 51.754243400402075,
  "Column_2": 702.0582182056768,
  "Column_3": 245.9197766120668
}