{
  "Column_0": 28.445224862269185,
  "Column_1": 50.976219913706046,
  "Column_2": 657.874481679182,
  "Column_3": 330.34436532308735
}