{
  "Column_0": 64.3513085394734,
  "Column_1": 39.948580901604146,
  "Column_2": 389.3157086228457,
  "Column_3": 227.2132252228912
}