{
  "Column_0": 37.5522993840932,
  "Column_1": 46.811162726377006,
  "Column_2": 603.3237702193055,
  "Column_3": 273.10481028477807
}