{
  "Column_0": 87.94269444060046,
  "Column_1": 64.73144030227559,
  "Column_2": 404.90799098150455,
  "Column_3": 335.5439207770978
}