{
  "Column_0": 81.94843847263837,
  "Column_1": 149.8560612339861,
  "Column_2": 271.10745742507424,
  "Column_3": 332.26327722838323
}