{
  "Column_0": 35.372432785322175,
  "Column_1": 51.82883052772165,
  "Column_2": 688.7278400950372,
  "Column_3": 241.84311052142033
}