{
  "Column_0": 72.84171255354886,
  "Column_1": 46.54615484015085,
  "Column_2": 393.17256479608477,
  "Column_3": 393.02936203737045
}