{
  "Column_0": 37.014282987485785,
  "Column_1": 48.59776755830762,
  "Column_2": 594.4581098237468,
  "Column_3": 283.41847596507796
}