{
  "Column_0": 74.85273461939016,
  "Column_1": 68.85357825850679,
  "Column_2": 420.27624515026497,
  "Column_3": 349.3436377680697
}