{
  "Column_0": 108.90393657775257,
  "Column_1": 61.9900106673831,
  "Column_2": 403.9798569956238,
  "Column_3": 369.286488551455
}