{
  "Column_0": 1.4340361431241035,
  "Column_1": 1.4567107632756233,
  "Column_2": 325.224693156858,
  "Column_3": 144.6860920407198
}