{
  "Column_0": 74.99573380695801,
  "Column_1": 97.91380055318587,
  "Column_2": 473.5985427738633,
  "Column_3": 589.0615111074003
}