{
  "Column_0": 33.02784439461443,
  "Column_1": 46.660012297799355,
  "Column_2": 649.8384588657565,
  "Column_3": 330.40889136241185
}