{
  "Column_0": 17.450249947607517,
  "Column_1": 35.830947145819664,
  "Column_2": 692.5587474815547,
  "Column_3": 255.53516601026058
}