{
  "Column_0": 82.53588462385989,
  "Column_1": 110.80353156225465,
  "Column_2": 302.77773080731276,
  "Column_3": 360.2869810356642
}