{
  "Column_0": 55.16545996476492,
  "Column_1": 52.28647672519537,
  "Column_2": 520.1387841637256,
  "Column_3": 271.78762037709913
}