{
  "Column_0": 55.44276309746783,
  "Column_1": 55.92768224680913,
  "Column_2": 455.2413772311993,
  "Column_3": 290.1914526564069
}