{
  "Column_0": 58.08123136209906,
  "Column_1": 44.980638119785,
  "Column_2": 482.7696103595372,
  "Column_3": 288.6303800053647
}