{
  "Column_0": 59.459032868471695,
  "Column_1": 53.08638046951046,
  "Column_2": 505.4252927713969,
  "Column_3": 267.2216111329908
}