{
  "Column_0": 39.75020525876607,
  "Column_1": 51.196179181104526,
  "Column_2": 565.5360128151224,
  "Column_3": 286.836379752669
}