{
  "Column_0": 29.86964544139193,
  "Column_1": 54.5221150060994,
  "Column_2": 775.6265104040406,
  "Column_3": 321.56659636150556
}