{
  "Column_0": 42.43252962794014,
  "Column_1": 63.0940589029052,
  "Column_2": 701.1429250452693,
  "Column_3": 246.10741822884938
}