{
  "Column_0": 31.947240885069505,
  "Column_1": 46.47339615454689,
  "Column_2": 773.7346391001267,
  "Column_3": 331.33599232490496
}