{
  "Column_0": 31.44808448245749,
  "Column_1": 57.99505064709592,
  "Column_2": 741.9014455495853,
  "Column_3": 354.6144584001065
}