{
  "Column_0": 79.99688386999323,
  "Column_1": 112.52518091647732,
  "Column_2": 460.8494492951522,
  "Column_3": 560.6932034622305
}