{
  "Column_0": 80.41370078299465,
  "Column_1": 113.369846841067,
  "Column_2": 401.6832410119904,
  "Column_3": 494.9290750554038
}