{
  "Column_0": 34.15447178619533,
  "Column_1": 55.18738967064754,
  "Column_2": 723.7825142307269,
  "Column_3": 249.84172613329778
}