{
  "Column_0": 76.10934000445741,
  "Column_1": 103.31120487214002,
  "Column_2": 362.89173324521835,
  "Column_3": 332.31357966992437
}