{
  "Column_0": 56.23828984631473,
  "Column_1": 61.12364480886754,
  "Column_2": 472.6448541002155,
  "Column_3": 293.74541867478183
}