{
  "Column_0": 74.45335603380227,
  "Column_1": 86.88870491267426,
  "Column_2": 293.94696199720624,
  "Column_3": 352.32144417405607
}