{
  "Column_0": 48.01896328100702,
  "Column_1": 55.65541490516466,
  "Column_2": 614.3970863629002,
  "Column_3": 295.267527383985
}