{
  "Column_0": 16.82414995878935,
  "Column_1": 79.64982537738979,
  "Column_2": 554.6879394529387,
  "Column_3": 133.63869346678257
}