{
  "Column_0": 85.82196691370336,
  "Column_1": 96.04708885526634,
  "Column_2": 361.5611668834754,
  "Column_3": 375.52609464779744
}