{
  "Column_0": 41.909205839037895,
  "Column_1": 0.0,
  "Column_2": 209.25357223302126,
  "Column_3": 114.73390007019043
}