{
  "Column_0": 55.504388585686684,
  "Column_1": 89.59471862018108,
  "Column_2": 377.79612555354834,
  "Column_3": 432.78280126303434
}