{
  "Column_0": 28.14996053032003,
  "Column_1": 53.311587127569744,
  "Column_2": 643.7070878050642,
  "Column_3": 340.10403455761235
}