{
  "Column_0": 54.57223888672888,
  "Column_1": 50.67560576348842,
  "Column_2": 574.0916803993896,
  "Column_3": 249.35038907881244
}