{
  "Column_0": 78.06879864807706,
  "Column_1": 72.66753675637301,
  "Column_2": 471.89641546912026,
  "Column_3": 265.7533514559109
}