{
  "Column_0": 56.12989890300969,
  "Column_1": 50.029156803246224,
  "Column_2": 577.7475528378818,
  "Column_3": 312.504731693296
}