{
  "Column_0": 42.94572470482126,
  "Column_1": 55.79508418519208,
  "Column_2": 487.43100465150746,
  "Column_3": 299.5310409731226
}