{
  "Column_0": 107.12529662251472,
  "Column_1": 30.57034921646118,
  "Column_2": 125.75652718544006,
  "Column_3": 56.36330032348633
}