{
  "Column_0": 13.176106362836435,
  "Column_1": 71.1661284007132,
  "Column_2": 332.64090465568006,
  "Column_3": 214.20688135921955
}