{
  "Column_0": 36.88104544323869,
  "Column_1": 52.806737550505204,
  "Column_2": 665.2977218503584,
  "Column_3": 289.30176072739414
}