{
  "Column_0": 71.29007562887273,
  "Column_1": 111.74751792462354,
  "Column_2": 337.2760129735789,
  "Column_3": 411.81801313702726
}