{
  "Column_0": 59.140030770562134,
  "Column_1": 65.31352077719316,
  "Column_2": 477.5401081199261,
  "Column_3": 271.45595501872515
}