{
  "Column_0": 29.308060102566913,
  "Column_1": 51.691155698944684,
  "Column_2": 653.4459558793803,
  "Column_3": 331.1126277964453
}