{
  "Column_0": 30.89167568502269,
  "Column_1": 61.71991545959895,
  "Column_2": 827.6742040266233,
  "Column_3": 314.1270961034261
}