{
  "Column_0": 43.20055334503602,
  "Column_1": 48.0419298897951,
  "Column_2": 681.2350564999585,
  "Column_3": 305.31701324294056
}