{
  "Column_0": 25.71798151533585,
  "Column_1": 40.760044324968476,
  "Column_2": 353.73837354608986,
  "Column_3": 343.62297653988935
}