{
  "Column_0": 66.42852517130086,
  "Column_1": 68.63395694456995,
  "Column_2": 461.60434937043465,
  "Column_3": 365.57815930445213
}