{
  "Column_0": 73.76146063680063,
  "Column_1": 99.57907384688622,
  "Column_2": 393.6111875556645,
  "Column_3": 486.86554609065195
}