{
  "Column_0": 31.750882185042613,
  "Column_1": 55.44913160004974,
  "Column_2": 705.1487888735256,
  "Column_3": 345.08179224917683
}